{"cameraMode":{"drawMode":0,"name":"Shaded","section":"Shading Mode"},"sceneLighting":false,"audioPlay":false,"sceneViewState":{"m_AlwaysRefresh":false,"showFog":true,"showSkybox":false,"showFlares":true,"showImageEffects":true,"showParticleSystems":true,"showVisualEffectGraphs":true,"m_FxEnabled":true},"in2DMode":false,"pivot":{"x":-1.9302482604980469,"y":3.1911368370056154,"z":2.512788772583008},"rotation":{"x":0.15597617626190186,"y":-0.7285205125808716,"z":0.17665895819664002,"w":0.6432217955589294},"size":2.4769229888916017,"orthographic":false}