{"cameraMode":{"drawMode":0,"name":"Shaded","section":"Shading Mode"},"sceneLighting":true,"audioPlay":false,"sceneViewState":{"m_AlwaysRefresh":false,"showFog":true,"showSkybox":true,"showFlares":true,"showImageEffects":true,"showParticleSystems":true,"showVisualEffectGraphs":true,"m_FxEnabled":true},"in2DMode":false,"pivot":{"x":-8.840544700622559,"y":0.20810699462890626,"z":-11.41257095336914},"rotation":{"x":0.012509229592978955,"y":-0.9601041078567505,"z":0.275977224111557,"w":0.04351804032921791},"size":28.331663131713868,"orthographic":false}