{"cameraMode":{"drawMode":0,"name":"Shaded","section":"Shading Mode"},"sceneLighting":false,"audioPlay":false,"sceneViewState":{"m_AlwaysRefresh":false,"showFog":true,"showSkybox":false,"showFlares":true,"showImageEffects":true,"showParticleSystems":true,"showVisualEffectGraphs":true,"m_FxEnabled":true},"in2DMode":false,"pivot":{"x":-0.4094257354736328,"y":2.0769600868225099,"z":-0.6394939422607422},"rotation":{"x":0.012509229592978955,"y":-0.9601041078567505,"z":0.275977224111557,"w":0.04351804032921791},"size":3.944727659225464,"orthographic":false}